NSString Property Observation (nonatomic),3,400000,400000,641
NSString Property Observation (nonatomic),3,410000,410000,634
NSString Property Observation (nonatomic),3,420000,420000,650
NSString Property Observation (nonatomic),3,430000,430000,672
NSString Property Observation (nonatomic),3,440000,440000,682
NSString Property Observation (nonatomic),3,450000,450000,705
NSString Property Observation (nonatomic),3,460000,460000,726
NSString Property Observation (nonatomic),3,470000,470000,738
NSString Property Observation (nonatomic),3,480000,480000,752
NSString Property Observation (nonatomic),3,490000,490000,771
NSString Property Observation (nonatomic),3,500000,500000,776
NSString Property Observation (nonatomic),3,510000,510000,784
NSString Property Observation (nonatomic),3,520000,520000,804
NSString Property Observation (nonatomic),3,530000,530000,827
NSString Property Observation (nonatomic),3,540000,540000,836
NSString Property Observation (nonatomic),3,550000,550000,854
NSString Property Observation (nonatomic),3,560000,560000,874
NSString Property Observation (nonatomic),3,570000,570000,896
NSString Property Observation (nonatomic),3,580000,580000,916
NSString Property Observation (nonatomic),3,590000,590000,926
NSString Property Observation (nonatomic),3,600000,600000,947
