NSString Property Observation (nonatomic),3,400000,400000,873
NSString Property Observation (nonatomic),3,410000,410000,895
NSString Property Observation (nonatomic),3,420000,420000,917
NSString Property Observation (nonatomic),3,430000,430000,937
NSString Property Observation (nonatomic),3,440000,440000,959
NSString Property Observation (nonatomic),3,450000,450000,980
NSString Property Observation (nonatomic),3,460000,460000,1007
NSString Property Observation (nonatomic),3,470000,470000,1026
NSString Property Observation (nonatomic),3,480000,480000,1034
NSString Property Observation (nonatomic),3,490000,490000,1067
NSString Property Observation (nonatomic),3,500000,500000,1091
NSString Property Observation (nonatomic),3,510000,510000,1114
NSString Property Observation (nonatomic),3,520000,520000,1142
NSString Property Observation (nonatomic),3,530000,530000,1300
NSString Property Observation (nonatomic),3,540000,540000,1239
NSString Property Observation (nonatomic),3,550000,550000,1265
NSString Property Observation (nonatomic),3,560000,560000,1277
NSString Property Observation (nonatomic),3,570000,570000,1299
NSString Property Observation (nonatomic),3,580000,580000,1326
NSString Property Observation (nonatomic),3,590000,590000,1342
NSString Property Observation (nonatomic),3,600000,600000,1396

